<?xml version="1.0" encoding="UTF-8"?>

<deployment xmlns:xsi="http://www.w3.org/2001/XMLSchema-instance"
            xsi:schemaLocation="urn:jboss:bean-deployer:2.0 bean-deployer_2_0.xsd"
            xmlns="urn:jboss:bean-deployer:2.0"
            xmlns:aop="urn:jboss:aop-beans:1.0">

  <bean name="myGarage" class="cz.zizka.ondra.jbmctest.Garage">
    <property name="car">
      <bean name="myCar" class="cz.zizka.ondra.jbmctest.Car">
        <property name="name">Red Devil</property>
      </bean>
    </property>
  </bean>

  <!--
  <aop:interceptor name="FuelInterceptor" class="cz.zizka.ondra.jbmctest.FuelInterceptor"/>

  <aop:bind pointcut="execution(* cz.dynawest.*->*(..)">
    <aop:interceptor-ref name="FuelInterceptor"/>
  </aop:bind>
  -->


</deployment>
